<?xml version="1.0" encoding="UTF-8"?>
<project-private xmlns="http://www.netbeans.org/ns/project-private/1">
    <editor-bookmarks xmlns="http://www.netbeans.org/ns/editor-bookmarks/2" lastBookmarkId="0"/>
    <open-files xmlns="http://www.netbeans.org/ns/projectui-open-files/2">
        <group>
            <file>file:/F:/Desks/Student/Subjects/Micro/Project/Debug/COM_1.X/keypad.inc</file>
            <file>file:/F:/Desks/Student/Subjects/Micro/Project/Debug/Keypad_interface.X/delay.inc</file>
            <file>file:/F:/Desks/Student/Subjects/Micro/Project/Debug/Keypad_interface.X/keypad.asm</file>
            <file>file:/F:/Desks/Student/Subjects/Micro/Project/Debug/Keypad_interface.X/lcd.inc</file>
        </group>
    </open-files>
</project-private>
